{
  "employee": [
    {
      "id": 1,
      "name": "Yamuna",
      "sex": "F",
      "dob": "3-5-1998",
      "salary": "45000",
      "department": "Sales"
    },
    {
      "id": 2,
      "name": "Ravi",
      "sex": "M",
      "dob": "4-9-1987",
      "salary": 60000,
      "department": "Accounts"
    },
    {
      "id": 3,
      "name": "Keerthana",
      "sex": "F",
      "dob": "2-7-1989",
      "salary": 55000,
      "department": "Accounts"
    },
    {
      "id": 4,
      "name": "Bhuvan",
      "sex": "M",
      "dob": "2-5-1989",
      "salary": 90000,
      "department": "Sales"
    },
    {
      "id": 5,
      "name": "Sandhya",
      "sex": "F",
      "dob": "5-8-1997",
      "salary": 70000,
      "department": "Accounts"
    },
    {
      "id": 6,
      "name": "Pradheep",
      "sex": "M",
      "dob": "5-9-1978",
      "salary": 800000,
      "department": "Hr"
    },
    {
      "id": 7,
      "name": "Ganga",
      "sex": "F",
      "dob": "5-8-1998",
      "salary": 60000,
      "department": "Sales"
    },
    {
      "id": 8,
      "name": "Jyothi",
      "sex": "F",
      "dob": "1-7-1986",
      "salary": 45000,
      "department": "Accounts"
    },
    {
      "id": 9,
      "name": "Deepthi",
      "sex": "F",
      "dob": "1-9-1987",
      "salary": 55000,
      "department": "Hr"
    },
    {
      "name": "Krishna",
      "sex": "M",
      "dob": "2-5-1987",
      "salary": "78000",
      "department": "Sales",
      "active": true,
      "id": 10
    }
  ]
}